{"stat.pickup.minecraft.wooden_slab":255,"stat.leaveGame":56,"stat.drop.twilightforest.naga_chestplate":1,"stat.pickup.minecraft.jungle_fence":1,"stat.pickup.tconstruct.edible":122,"stat.mineBlock.tconstruct.channel":43,"stat.useItem.minecraft.glowstone":3,"stat.mineBlock.minecraft.sandstone":19,"stat.drop.forge.bucketfilled":1,"stat.drop.twilightforest.arctic_helmet":1,"stat.pickup.tconstruct.faucet":7,"stat.craftItem.minecraft.shield":3,"stat.mineBlock.twilightforest.canopy_planks":1,"stat.pickup.tconstruct.tough_binding":2,"stat.drop.minecraft.iron_sword":1,"stat.pickup.minecraft.rotten_flesh":68,"stat.drop.twilightforest.magic_map":3,"stat.craftItem.minecraft.stone_axe":1,"stat.useItem.minecraft.birch_boat":1,"stat.pickup.minecraft.cobblestone_wall":23,"stat.killEntity.twilightforest.raven":2,"stat.mineBlock.twilightforest.cicada":4,"stat.mineBlock.minecraft.wooden_slab":50,"stat.craftItem.minecraft.iron_shovel":5,"stat.pickup.minecraft.brown_mushroom":21,"stat.mineBlock.twilightforest.time_stairs":6,"stat.killEntity.Witch":1,"stat.useItem.tconstruct.slime_sapling":2,"stat.pickup.twilightforest.cicada":5,"stat.useItem.minecraft.iron_pickaxe":1002,"stat.pickup.minecraft.stained_hardened_clay":1,"stat.craftItem.minecraft.wooden_pickaxe":1,"stat.useItem.minecraft.iron_shovel":1094,"stat.pickup.minecraft.double_plant":37,"stat.pickup.tconstruct.seared_glass":9,"stat.craftItem.minecraft.bed":2,"stat.mineBlock.chisel.marble2":162,"stat.mineBlock.minecraft.hopper":21,"stat.mineBlock.minecraft.sticky_piston":5,"stat.furnaceInteraction":166,"stat.killEntity.ZombieVillager":2,"stat.craftItem.twilightforest.naga_chestplate":1,"stat.pickup.minecraft.beef":2,"stat.mineBlock.minecraft.wooden_button":1,"stat.pickup.tconstruct.hammer":7,"stat.pickup.tconstruct.smeltery_io":9,"stat.pickup.thaumcraft.crystal_essence":856,"stat.useItem.minecraft.wheat_seeds":92,"stat.killEntity.twilightforest.naga":1,"stat.mineBlock.tconstruct.slime_vine_purple_mid":1,"stat.deaths":3,"stat.useItem.tconstruct.smeltery_io":11,"stat.pickup.minecraft.egg":18,"stat.craftItem.minecraft.item_frame":31,"stat.craftItem.minecraft.iron_pickaxe":6,"stat.useItem.chisel.planks-oak":5,"stat.craftItem.immersiveengineering.metal":37,"stat.pickup.minecraft.item_frame":11,"stat.pickup.chisel.marble2":454,"stat.mineBlock.minecraft.tallgrass":204,"stat.pickup.minecraft.cooked_mutton":28,"stat.pickup.tconstruct.seared":139,"stat.chestOpened":1363,"stat.useItem.minecraft.stone":31,"stat.pickup.minecraft.arrow":94,"stat.pickup.tconstruct.hammer_head":1,"stat.killEntity.twilightforest.yeti":19,"stat.pickup.minecraft.gold_nugget":4,"stat.useItem.twilightforest.twilight_oak_planks":17,"stat.drop.tconstruct.longsword":2,"stat.craftItem.minecraft.coal":45,"stat.pickup.tconstruct.cast_custom":22,"stat.pickup.chisel.basalt2":12,"stat.pickup.minecraft.carrot":15,"stat.crouchOneCm":74146,"stat.mineBlock.minecraft.chest":55,"stat.craftItem.minecraft.iron_ingot":363,"stat.pickup.minecraft.painting":46,"stat.craftItem.minecraft.hopper":18,"stat.craftingTableInteraction":257,"stat.mineBlock.tconstruct.rack":1,"stat.pickup.minecraft.mushroom_stew":1,"stat.craftItem.tconstruct.pattern":42,"stat.useItem.chisel.marble2":2,"stat.drop.minecraft.double_plant":1,"stat.useItem.tconstruct.longsword":1,"stat.mineBlock.tconstruct.smeltery_io":8,"stat.pickup.minecraft.birch_boat":1,"stat.pickup.twilightforest.firefly_jar":2,"stat.craftItem.tconstruct.seared_glass":136,"stat.drop.twilightforest.lifedrain_scepter":1,"stat.pickup.minecraft.dye":42,"stat.pickup.minecraft.planks":639,"stat.pickup.chisel.limestone2":293,"stat.entityKilledBy.twilightforest.hostile_wolf":1,"stat.pickup.minecraft.wheat_seeds":151,"stat.killEntity.twilightforest.stable_ice_core":2,"stat.craftItem.tconstruct.slime_congealed":32,"stat.drop.expandableinventory.golden_expander":1,"stat.pickup.tconstruct.slime_grass_tall":14,"stat.pickup.chisel.andesite":1,"stat.drop.minecraft.spruce_fence":1,"stat.mineBlock.minecraft.glass":1,"stat.craftItem.tconstruct.seared_furnace_controller":1,"stat.mineBlock.minecraft.dirt":1232,"stat.pickup.minecraft.poisonous_potato":3,"stat.pickup.tconstruct.pattern":22,"stat.pickup.immersiveengineering.seed":25,"stat.useItem.minecraft.bread":47,"stat.pickup.twilightforest.shader":12,"stat.useItem.minecraft.cobblestone":1528,"stat.useItem.twilightforest.firefly":39,"stat.useItem.minecraft.gravel":6,"stat.mineBlock.minecraft.double_plant":10,"stat.mineBlock.thaumcraft.crystal_aer":1,"stat.pickup.minecraft.golden_hoe":2,"stat.drop.tconstruct.arrow":1,"stat.pickup.minecraft.iron_pickaxe":1,"stat.mineBlock.thaumcraft.crystal_terra":15,"stat.craftItem.expandableinventory.golden_expander":1,"stat.craftItem.minecraft.gold_ingot":11,"stat.drop.minecraft.sapling":1,"stat.pickup.minecraft.hopper":21,"stat.craftItem.chisel.chisel_iron":1,"stat.mineBlock.chisel.stonebrick2":1,"stat.pickup.thaumcraft.vishroom":2,"stat.pickup.minecraft.apple":26,"stat.mineBlock.twilightforest.twilight_leaves":2,"stat.mineBlock.twilightforest.firefly":22,"stat.pickup.minecraft.coal_block":51,"stat.craftItem.minecraft.bucket":6,"stat.craftItem.minecraft.planks":856,"stat.useItem.minecraft.iron_sword":169,"stat.itemEnchanted":3,"stat.craftItem.minecraft.dirt":4,"stat.useItem.minecraft.stonebrick":786,"stat.pickup.minecraft.book":17,"stat.mineBlock.minecraft.log":535,"stat.craftItem.tconstruct.seared_slab":30,"stat.drop.tconstruct.longbow":2,"stat.pickup.tconstruct.large_plate":3,"stat.pickup.minecraft.red_flower":2,"stat.pickup.twilightforest.shader_bag":6,"stat.pickup.minecraft.wool":13,"stat.pickup.twilightforest.aurora_block":43,"stat.pickup.minecraft.cooked_fish":16,"stat.useItem.minecraft.wooden_axe":36,"stat.drop.expandableinventory.iron_expander":1,"stat.useItem.twilightforest.twilight_log":2,"stat.mineBlock.thaumcraft.ore_cinnabar":6,"stat.craftItem.twilightforest.canopy_planks":536,"stat.pickup.minecraft.bookshelf":4,"stat.useItem.minecraft.iron_axe":1043,"stat.mineBlock.minecraft.cobblestone":402,"stat.mineBlock.minecraft.pumpkin":2,"stat.pickup.minecraft.flint":173,"stat.mineBlock.minecraft.yellow_flower":4,"stat.pickup.tconstruct.excavator_head":1,"stat.useItem.minecraft.snow":55,"stat.mineBlock.thaumcraft.ore_amber":20,"stat.drop.minecraft.cobblestone":4,"stat.pickup.minecraft.cooked_porkchop":42,"stat.pickup.minecraft.writable_book":2,"stat.pickup.minecraft.sticky_piston":5,"stat.useItem.minecraft.stone_slab2":424,"stat.pickup.minecraft.bow":2,"stat.pickup.forge.bucketfilled":1,"stat.craftItem.minecraft.furnace":5,"stat.killEntity.twilightforest.ice_crystal":1,"stat.craftItem.minecraft.lapis_block":22,"stat.craftItem.minecraft.iron_boots":2,"stat.craftItem.minecraft.cooked_beef":9,"stat.mineBlock.minecraft.obsidian":10,"stat.pickup.minecraft.shears":3,"stat.mineBlock.minecraft.clay":82,"stat.flyOneCm":1752926,"stat.pickup.minecraft.sandstone":41,"stat.useItem.twilightforest.aurora_block":35,"stat.craftItem.minecraft.stained_glass":8,"stat.useItem.twilightforest.ice_bow":16,"stat.timeSinceDeath":298548,"stat.pickup.twilightforest.twilight_sapling":7,"stat.useItem.minecraft.wooden_slab":75,"stat.craftItem.minecraft.iron_block":38,"stat.killEntity.Bat":4,"stat.craftItem.expandableinventory.iron_expander":2,"stat.craftItem.minecraft.stonebrick":2072,"stat.mineBlock.twilightforest.firefly_jar":1,"stat.craftItem.tconstruct.seared":194,"stat.craftItem.twilightforest.yeti_boots":1,"stat.pickup.twilightforest.naga_scale":32,"stat.pickup.minecraft.spruce_fence":1,"stat.useItem.tconstruct.rack":1,"stat.mineBlock.minecraft.coal_ore":551,"stat.craftItem.twilightforest.arctic_helmet":1,"stat.drop.twilightforest.ice_bomb":11,"stat.killEntity.Creeper":6,"stat.pickup.minecraft.shield":2,"stat.pickup.minecraft.string":63,"stat.mineBlock.minecraft.ladder":4,"stat.useItem.minecraft.written_book":2,"stat.craftItem.tconstruct.tooltables":6,"stat.sprintOneCm":1217144,"stat.mineBlock.minecraft.stone_slab":178,"stat.pickup.immersiveengineering.tool":1,"stat.craftItem.minecraft.wooden_axe":1,"stat.mineBlock.minecraft.diamond_ore":1,"stat.useItem.minecraft.snowball":12,"stat.useItem.tconstruct.seared_tank":11,"stat.pickup.twilightforest.magic_map_empty":3,"stat.useItem.minecraft.ladder":9,"stat.pickup.minecraft.iron_block":13,"stat.killEntity.Zombie":26,"stat.craftItem.minecraft.dye":19,"stat.pickup.minecraft.snowball":242,"stat.useItem.tconstruct.hammer":7302,"stat.mineBlock.minecraft.gold_ore":22,"stat.pickup.chisel.stonebrick2":1,"stat.diveOneCm":195193,"stat.craftItem.minecraft.slime_ball":330,"stat.pickup.minecraft.wheat":103,"stat.pickup.tconstruct.tooltables":28,"stat.drop.minecraft.stone_stairs":2,"stat.useItem.minecraft.sticky_piston":5,"stat.craftItem.minecraft.ladder":6,"stat.mineBlock.tconstruct.seared_furnace_controller":4,"stat.mineBlock.twilightforest.aurora_block":24,"stat.pickup.minecraft.obsidian":24,"stat.mineBlock.twilightforest.twilight_oak_planks":7,"stat.entityKilledBy.twilightforest.stable_ice_core":1,"stat.useItem.minecraft.rotten_flesh":35,"stat.drop.minecraft.apple":1,"stat.craftItem.minecraft.diamond_sword":1,"stat.jump":19243,"stat.useItem.minecraft.sand":6,"stat.craftItem.twilightforest.arctic_chestplate":1,"stat.pickup.twilightforest.time_stairs":7,"stat.pickup.minecraft.coal":826,"stat.pickup.minecraft.iron_ingot":274,"stat.pickup.tconstruct.seared_tank":31,"stat.pickup.twilightforest.ice_bow":1,"stat.pickup.minecraft.gunpowder":25,"stat.drop.tconstruct.pattern":1,"stat.craftItem.minecraft.torch":580,"stat.pickup.minecraft.dirt":1978,"stat.useItem.minecraft.glass":45,"stat.pickup.minecraft.gold_ore":67,"stat.drop.tconstruct.hammer":9,"stat.mineBlock.minecraft.lapis_ore":7,"stat.pickup.minecraft.iron_axe":4,"stat.damageTaken":9990,"stat.pickup.twilightforest.firefly":42,"stat.useItem.minecraft.stone_brick_stairs":28,"stat.mineBlock.minecraft.torch":102,"stat.killEntity.tconstruct.blueslime":77,"stat.mineBlock.minecraft.red_flower":2,"stat.pickup.minecraft.written_book":6,"stat.pickup.immersiveengineering.metal":91,"stat.pickup.tconstruct.pick_head":6,"stat.pickup.twilightforest.canopy_planks":45,"stat.craftItem.minecraft.glowstone":4,"stat.useItem.minecraft.slime":3,"stat.pickup.minecraft.bed":9,"stat.pickup.minecraft.rabbit_hide":1,"stat.craftItem.chisel.chisel_hitech":1,"stat.pickup.twilightforest.aurora_pillar":5,"stat.craftItem.minecraft.stone_slab":894,"stat.useItem.minecraft.chest":146,"stat.craftItem.tconstruct.smeltery_io":10,"stat.pickup.twilightforest.naga_stone":4,"stat.pickup.minecraft.diamond_pickaxe":5,"stat.drop.twilightforest.naga_leggings":1,"stat.useItem.minecraft.lava_bucket":5,"stat.mineBlock.twilightforest.aurora_pillar":5,"stat.pickup.minecraft.rabbit_foot":1,"stat.useItem.tconstruct.faucet":9,"stat.pickup.twilightforest.charm_of_life_1":1,"stat.useItem.minecraft.item_frame":39,"stat.craftItem.minecraft.iron_chestplate":2,"stat.pickup.minecraft.ender_pearl":4,"stat.drop.minecraft.egg":2,"stat.pickup.minecraft.ladder":5,"stat.pickup.minecraft.cooked_beef":21,"stat.useItem.twilightforest.magic_map_empty":1,"stat.craftItem.twilightforest.yeti_chestplate":1,"stat.pickup.twilightforest.nagastone_pillar_weathered":6,"stat.craftItem.minecraft.bookshelf":6,"stat.mineBlock.minecraft.stonebrick":174,"stat.killEntity.twilightforest.winter_wolf":5,"stat.pickup.twilightforest.arctic_helmet":2,"stat.craftItem.twilightforest.yeti_helmet":1,"stat.pickup.twilightforest.raw_venison":20,"stat.mineBlock.tconstruct.seared_slab":9,"stat.mobKills":223,"stat.mineBlock.minecraft.bookshelf":3,"stat.craftItem.minecraft.shears":1,"stat.drop.tconstruct.scythe":1,"stat.useItem.minecraft.cobblestone_wall":62,"stat.pickup.minecraft.diamond":11,"stat.mineBlock.twilightforest.trollsteinn":3,"stat.pickup.minecraft.torch":520,"stat.pickup.thaumcraft.brain":3,"stat.craftItem.thaumcraft.quicksilver":1,"stat.drop.minecraft.arrow":3,"stat.pickup.tconstruct.book":5,"stat.mineBlock.tconstruct.seared_tank":22,"stat.mineBlock.thaumcraft.ore_quartz":9,"stat.useItem.minecraft.bookshelf":9,"stat.craftItem.minecraft.iron_axe":6,"stat.mineBlock.twilightforest.twilight_plant":2,"stat.killEntity.twilightforest.swarm_spider":5,"stat.pickup.minecraft.lapis_block":22,"stat.useItem.minecraft.mutton":5,"stat.useItem.minecraft.planks":416,"stat.pickup.minecraft.golden_boots":2,"stat.pickup.minecraft.glowstone_dust":109,"stat.mineBlock.immersiveengineering.ore":130,"stat.pickup.minecraft.porkchop":6,"stat.pickup.minecraft.glass":82,"stat.useItem.minecraft.water_bucket":32,"stat.mineBlock.minecraft.stone_brick_stairs":6,"stat.pickup.minecraft.sand":439,"stat.pickup.twilightforest.lifedrain_scepter":1,"stat.craftItem.tconstruct.casting":23,"stat.craftItem.minecraft.cobblestone_wall":96,"stat.mineBlock.twilightforest.twilight_log":1055,"stat.pickup.twilightforest.etched_nagastone_mossy":1,"stat.pickup.twilightforest.naga_leggings":4,"stat.craftItem.minecraft.stone_sword":4,"stat.mineBlock.minecraft.snow_layer":137,"stat.mineBlock.minecraft.sand":371,"stat.killEntity.twilightforest.kobold":2,"stat.drop.tconstruct.lumberaxe":3,"stat.killEntity.twilightforest.snow_guardian":3,"stat.craftItem.twilightforest.yeti_leggings":1,"stat.craftItem.minecraft.slime":21,"stat.hopperInspected":30,"stat.pickup.tconstruct.slime_sapling":6,"stat.drop.tconstruct.excavator":2,"stat.mineBlock.tconstruct.slime_grass_tall":3,"stat.useItem.tconstruct.channel":43,"stat.killEntity.twilightforest.skeleton_druid":8,"stat.pickup.twilightforest.arctic_boots":1,"stat.trappedChestTriggered":7,"stat.pickup.minecraft.wooden_button":4,"stat.pickup.minecraft.furnace":32,"stat.useItem.minecraft.cooked_mutton":21,"stat.useItem.minecraft.redstone":5,"stat.pickup.tconstruct.cast":30,"stat.pickup.twilightforest.time_planks":3,"stat.mineBlock.tconstruct.seared_glass":9,"stat.useItem.tconstruct.scythe":13,"stat.useItem.tconstruct.seared_glass":133,"stat.pickup.minecraft.stone_stairs":6,"stat.pickup.twilightforest.arctic_fur":42,"stat.pickup.twilightforest.raven_feather":3,"stat.pickup.thaumcraft.nugget":6,"stat.pickup.tconstruct.slime_dirt":4,"stat.craftItem.chisel.chisel_diamond":1,"stat.useItem.minecraft.hopper":28,"stat.pickup.minecraft.saddle":1,"stat.mineBlock.minecraft.jungle_stairs":2,"stat.playOneMinute":1720282,"stat.pickup.tconstruct.rack":1,"stat.pickup.twilightforest.twilight_oak_planks":32,"stat.pickup.tconstruct.casting":45,"stat.mineBlock.minecraft.ice":24,"stat.killEntity.twilightforest.death_tome":7,"stat.pickup.twilightforest.etched_nagastone":2,"stat.mineBlock.tconstruct.faucet":7,"stat.pickup.tconstruct.seared_furnace_controller":4,"stat.pickup.tconstruct.lumberaxe":1,"stat.craftItem.minecraft.iron_nugget":9,"stat.pickup.tconstruct.excavator":1,"stat.pickup.minecraft.cooked_chicken":45,"stat.fallOneCm":339645,"stat.drop.minecraft.stone":7,"stat.pickup.minecraft.melon_seeds":14,"stat.craftItem.tconstruct.toolforge":1,"stat.craftItem.minecraft.chest":163,"stat.drop.minecraft.book":2,"stat.pickup.minecraft.melon":8,"stat.pickup.tconstruct.slime_vine_purple_mid":2,"stat.pickup.minecraft.feather":36,"stat.drop.minecraft.iron_leggings":1,"stat.craftItem.minecraft.wooden_button":1,"stat.useItem.minecraft.furnace":22,"stat.pickup.minecraft.slime":5,"stat.craftItem.tconstruct.materials":473,"stat.mineBlock.twilightforest.etched_nagastone":2,"stat.drop.twilightforest.yeti_helmet":1,"stat.pickup.tconstruct.channel":43,"stat.pickup.minecraft.iron_leggings":1,"stat.mineBlock.minecraft.snow":1,"stat.mineBlock.minecraft.gravel":473,"stat.pickup.twilightforest.etched_nagastone_weathered":1,"stat.useItem.minecraft.stone_pickaxe":175,"stat.craftItem.tconstruct.seared_tank":6,"stat.drop.tconstruct.seared":2,"stat.useItem.minecraft.stone_sword":27,"stat.craftItem.minecraft.iron_leggings":2,"stat.craftItem.twilightforest.naga_leggings":3,"stat.pickup.twilightforest.trophy":9,"stat.pickup.chisel.chisel_hitech":1,"stat.useItem.minecraft.torch":640,"stat.craftItem.tconstruct.channel":17,"stat.craftItem.minecraft.redstone_block":62,"stat.pickup.minecraft.crafting_table":24,"stat.useItem.minecraft.log":8,"stat.craftItem.minecraft.crafting_table":43,"stat.killEntity.twilightforest.penguin":1,"stat.pickup.minecraft.redstone_block":83,"stat.pickup.minecraft.log":572,"stat.pickup.twilightforest.alpha_fur":24,"stat.useItem.minecraft.cooked_fish":13,"stat.craftItem.twilightforest.twilight_oak_planks":1148,"stat.pickup.twilightforest.spiral_bricks":11,"stat.pickup.minecraft.sapling":219,"stat.mineBlock.chisel.andesite":1,"stat.mineBlock.minecraft.iron_block":7,"stat.mineBlock.tconstruct.toolforge":11,"stat.mineBlock.tconstruct.slime_grass":4,"stat.craftItem.minecraft.snow":56,"stat.pickup.twilightforest.arctic_chestplate":1,"stat.drop.twilightforest.yeti_leggings":1,"stat.pickup.thaumcraft.amber":40,"stat.sneakTime":24847,"stat.mineBlock.thaumcraft.crystal_perditio":8,"stat.mineBlock.minecraft.cobblestone_wall":22,"stat.useItem.minecraft.baked_potato":11,"stat.pickup.minecraft.stone_slab":191,"stat.useItem.tconstruct.slime_congealed":2,"stat.pickup.minecraft.yellow_flower":9,"stat.pickup.minecraft.chest":54,"stat.pickup.immersiveengineering.ore":225,"stat.pickup.minecraft.bone":44,"stat.craftItem.minecraft.sticky_piston":2,"stat.pickup.chisel.planks-oak":11,"stat.mineBlock.minecraft.slime":5,"stat.craftItem.tconstruct.faucet":12,"stat.craftItem.minecraft.stone_brick_stairs":26,"stat.drop.twilightforest.shader":2,"stat.mineBlock.minecraft.brown_mushroom":1,"stat.useItem.minecraft.diamond_sword":273,"stat.swimOneCm":122300,"stat.climbOneCm":29029,"stat.pickup.tconstruct.arrow":3,"stat.mineBlock.twilightforest.nagastone_pillar_weathered":2,"stat.craftItem.minecraft.gold_block":8,"stat.pickup.tconstruct.slime_leaves":82,"stat.useItem.minecraft.dirt":457,"stat.pickup.twilightforest.magic_map":4,"stat.pickup.chisel.auto_chisel":1,"stat.pickup.tconstruct.scythe":2,"stat.useItem.tconstruct.excavator":1342,"stat.useItem.tconstruct.lumberaxe":1309,"stat.craftItem.minecraft.stone_pickaxe":5,"stat.pickup.minecraft.cobblestone":8607,"stat.drop.chisel.chisel_iron":1,"stat.mineBlock.chisel.limestone2":241,"stat.pickup.minecraft.clay":188,"stat.pickup.minecraft.glass_bottle":2,"stat.useItem.minecraft.cooked_beef":24,"stat.craftItem.minecraft.wooden_slab":6,"stat.pickup.minecraft.cactus":2,"stat.pickup.minecraft.redstone":557,"stat.mineBlock.minecraft.iron_ore":167,"stat.useItem.twilightforest.aurora_pillar":4,"stat.drop.minecraft.log":11,"stat.pickup.minecraft.mutton":10,"stat.drop.tconstruct.tooltables":1,"stat.craftItem.twilightforest.arctic_boots":2,"stat.pickup.minecraft.stonebrick":364,"stat.useItem.minecraft.cooked_porkchop":23,"stat.pickup.minecraft.iron_shovel":2,"stat.pickup.minecraft.carpet":4,"stat.pickup.twilightforest.ice_bomb":24,"stat.pickup.tconstruct.seared_slab":9,"stat.drop.twilightforest.yeti_boots":1,"stat.craftItem.tconstruct.soil":512,"stat.pickup.minecraft.jungle_stairs":2,"stat.pickup.tconstruct.smeltery_controller":4,"stat.pickup.tconstruct.bow_string":9,"stat.craftItem.minecraft.stone_slab2":15,"stat.pickup.minecraft.paper":64,"stat.craftItem.minecraft.stick":510,"stat.useItem.minecraft.stone_slab":886,"stat.pickup.twilightforest.charm_of_keeping_1":1,"stat.pickup.minecraft.speckled_melon":11,"stat.killEntity.twilightforest.yeti_alpha":1,"stat.mineBlock.twilightforest.time_planks":3,"stat.useItem.tconstruct.casting":51,"stat.mineBlock.minecraft.crafting_table":20,"stat.useItem.minecraft.diamond_pickaxe":2019,"stat.killEntity.twilightforest.hostile_wolf":2,"stat.mineBlock.minecraft.planks":375,"stat.drop":98,"stat.mineBlock.thaumcraft.crystal_aqua":21,"stat.useItem.tconstruct.seared":261,"stat.pickup.minecraft.slime_ball":1,"stat.craftItem.minecraft.diamond_pickaxe":2,"stat.craftItem.chisel.auto_chisel":1,"stat.drop.minecraft.bread":7,"stat.craftItem.minecraft.clay":71,"stat.craftItem.minecraft.piston":2,"stat.pickup.tconstruct.toolforge":11,"stat.pickup.minecraft.gravel":622,"stat.pickup.thaumcraft.curio":6,"stat.mineBlock.tconstruct.smeltery_controller":4,"stat.useItem.minecraft.apple":2,"stat.pickup.tconstruct.tool_rod":5,"stat.pickup.tconstruct.punji":2,"stat.pickup.tconstruct.sharpening_kit":1,"stat.pickup.twilightforest.torchberries":31,"stat.pickup.minecraft.stone_brick_stairs":8,"stat.pickup.minecraft.diamond_sword":3,"stat.pickup.minecraft.brick":4,"stat.craftItem.tconstruct.rack":5,"stat.pickup.thaumcraft.quicksilver":12,"stat.useItem.minecraft.stone_axe":12,"stat.craftItem.minecraft.bread":33,"stat.pickup.minecraft.spider_eye":13,"stat.pickup.twilightforest.twilight_plant":17,"stat.craftItem.minecraft.iron_helmet":2,"stat.useItem.minecraft.cooked_chicken":15,"stat.pickup.thaumcraft.cinderpearl":4,"stat.pickup.minecraft.iron_ore":245,"stat.pickup.tconstruct.slime_congealed":84,"stat.boatOneCm":557396,"stat.mineBlock.tconstruct.tooltables":24,"stat.mineBlock.minecraft.stone_stairs":2,"stat.pickup.minecraft.leather":20,"stat.mineBlock.minecraft.furnace":28,"stat.useItem.minecraft.wooden_pickaxe":37,"stat.dispenserInspected":1,"stat.drop.twilightforest.twilight_oak_planks":2,"stat.useItem.twilightforest.canopy_planks":168,"stat.pickup.minecraft.reeds":21,"stat.craftItem.twilightforest.arctic_leggings":1,"stat.pickup.tconstruct.materials":46,"stat.pickup.minecraft.stained_glass":2,"stat.damageDealt":31099,"stat.craftItem.minecraft.glass":11,"stat.sleepInBed":28,"stat.pickup.twilightforest.twilight_log":811,"stat.mineBlock.chisel.auto_chisel":1,"stat.craftItem.minecraft.anvil":1,"stat.useItem.expandableinventory.iron_expander":1,"stat.useItem.minecraft.crafting_table":34,"stat.craftItem.minecraft.iron_sword":2,"stat.pickup.twilightforest.naga_chestplate":4,"stat.walkOneCm":6087266,"stat.pickup.twilightforest.nagastone_pillar":2,"stat.playerKills":1,"stat.pickup.minecraft.stick":24,"stat.useItem.tconstruct.seared_slab":33,"stat.pickup.minecraft.clay_ball":288,"stat.mineBlock.chisel.basalt2":1,"stat.pickup.twilightforest.trollsteinn":3,"stat.drop.twilightforest.yeti_chestplate":1,"stat.pickup.twilightforest.triple_bow":1,"stat.pickup.minecraft.stone":3106,"stat.killEntity.twilightforest.deer":5,"stat.mineBlock.minecraft.packed_ice":11,"stat.mineBlock.thaumcraft.crystal_ignis":13,"stat.pickup.minecraft.gold_ingot":24,"stat.killEntity.Skeleton":19,"stat.pickup.twilightforest.arctic_leggings":1,"stat.pickup.thaumcraft.ore_cinnabar":21,"stat.mineBlock.minecraft.cactus":1,"stat.killEntity.Spider":12,"stat.pickup.tconstruct.longbow":4,"stat.pickup.minecraft.bread":43,"stat.pickup.minecraft.quartz":31,"stat.pickup.minecraft.water_bucket":3,"stat.mineBlock.minecraft.leaves":191,"stat.useItem.tconstruct.longbow":94,"stat.useItem.tconstruct.punji":1,"stat.mineBlock.tconstruct.seared":125,"stat.mineBlock.minecraft.redstone_ore":82,"stat.mineBlock.tconstruct.casting":63,"stat.pickup.minecraft.lava_bucket":1,"stat.craftItem.minecraft.coal_block":46,"stat.mineBlock.chisel.planks-oak":12,"stat.killEntity.twilightforest.wild_boar":2,"stat.mineBlock.minecraft.stone":7705}