{"stat.craftItem.immersiveengineering.stone_decoration":107,"stat.useItem.minecraft.bow":98,"stat.useItem.minecraft.painting":8,"stat.pickup.minecraft.wooden_slab":79,"stat.leaveGame":38,"stat.pickup.tconstruct.longsword":2,"stat.pickup.tconstruct.edible":29,"stat.mineBlock.tconstruct.channel":7,"stat.useItem.minecraft.glowstone":19,"stat.mineBlock.minecraft.sandstone":57,"stat.drop.forge.bucketfilled":1,"stat.mineBlock.twilightforest.iron_ladder":5,"stat.pickup.tconstruct.faucet":11,"stat.pickup.minecraft.rotten_flesh":50,"stat.useItem.minecraft.diamond_hoe":3,"stat.drop.twilightforest.magic_map":3,"stat.pickup.minecraft.bucket":6,"stat.killEntity.Enderman":3,"stat.mineBlock.minecraft.wooden_slab":44,"stat.craftItem.minecraft.iron_shovel":3,"stat.pickup.minecraft.brown_mushroom":7,"stat.killEntity.Witch":3,"stat.drop.minecraft.sand":3,"stat.pickup.chisel.chisel_iron":1,"stat.pickup.twilightforest.cicada":3,"stat.useItem.minecraft.iron_pickaxe":1391,"stat.pickup.minecraft.stained_hardened_clay":24,"stat.craftItem.minecraft.wooden_pickaxe":1,"stat.useItem.minecraft.iron_shovel":750,"stat.pickup.minecraft.double_plant":31,"stat.craftItem.minecraft.glass_pane":16,"stat.drop.immersiveengineering.seed":1,"stat.mineBlock.chisel.marble2":242,"stat.furnaceInteraction":218,"stat.killEntity.ZombieVillager":5,"stat.pickup.minecraft.nether_brick":36,"stat.useItem.minecraft.double_plant":14,"stat.pickup.minecraft.beef":25,"stat.useItem.thaumcraft.sapling_silverwood":5,"stat.useItem.twilightforest.cooked_venison":3,"stat.mineBlock.minecraft.stained_hardened_clay":18,"stat.useItem.minecraft.fence":90,"stat.craftItem.thaumcraft.plank_silverwood":116,"stat.pickup.tconstruct.hammer":7,"stat.pickup.tconstruct.smeltery_io":12,"stat.mineBlock.minecraft.fence":23,"stat.useItem.minecraft.flint_and_steel":1,"stat.pickup.thaumcraft.crystal_essence":338,"stat.useItem.minecraft.wheat_seeds":257,"stat.killEntity.twilightforest.naga":2,"stat.useItem.minecraft.dye":107,"stat.mineBlock.tconstruct.slime_vine_purple_mid":6,"stat.useItem.minecraft.beef":1,"stat.deaths":7,"stat.useItem.tconstruct.smeltery_io":3,"stat.pickup.minecraft.egg":32,"stat.craftItem.minecraft.iron_pickaxe":8,"stat.useItem.chisel.planks-oak":82,"stat.craftItem.immersiveengineering.metal":116,"stat.pickup.chisel.marble2":243,"stat.mineBlock.minecraft.tallgrass":422,"stat.craftItem.minecraft.cooked_mutton":1,"stat.pickup.minecraft.cooked_mutton":14,"stat.pickup.tconstruct.seared":121,"stat.chestOpened":1124,"stat.craftItem.twilightforest.magic_map_empty":3,"stat.useItem.expandableinventory.golden_expander":1,"stat.craftItem.minecraft.sign":3,"stat.pickup.immersiveengineering.material":44,"stat.useItem.minecraft.stone":44,"stat.pickup.thaumcraft.log_silverwood":190,"stat.pickup.minecraft.arrow":115,"stat.pickup.minecraft.iron_sword":1,"stat.pickup.minecraft.wooden_pressure_plate":2,"stat.killEntity.Ghast":7,"stat.killEntity.twilightforest.yeti":6,"stat.useItem.twilightforest.twilight_oak_planks":75,"stat.useItem.minecraft.clay":60,"stat.craftItem.minecraft.coal":60,"stat.drop.minecraft.iron_pickaxe":2,"stat.pickup.chisel.basalt2":8,"stat.pickup.minecraft.carrot":33,"stat.useItem.minecraft.rabbit":2,"stat.crouchOneCm":121984,"stat.mineBlock.minecraft.chest":4,"stat.craftItem.minecraft.iron_ingot":169,"stat.pickup.minecraft.painting":93,"stat.craftingTableInteraction":219,"stat.mineBlock.minecraft.wooden_pressure_plate":2,"stat.pickup.minecraft.nether_brick_fence":3,"stat.pickup.minecraft.mushroom_stew":1,"stat.craftItem.tconstruct.pattern":12,"stat.pickup.minecraft.wooden_pickaxe":1,"stat.mineBlock.minecraft.log2":52,"stat.useItem.tconstruct.longsword":34,"stat.useItem.minecraft.reeds":3,"stat.mineBlock.tconstruct.smeltery_io":12,"stat.pickup.twilightforest.firefly_jar":2,"stat.pickup.immersiveengineering.stone_decoration":2,"stat.pickup.minecraft.dye":166,"stat.mineBlock.minecraft.jungle_fence":1,"stat.pickup.minecraft.planks":669,"stat.pickup.chisel.limestone2":66,"stat.craftItem.minecraft.diamond_shovel":1,"stat.pickup.minecraft.wheat_seeds":566,"stat.killEntity.twilightforest.stable_ice_core":7,"stat.pickup.tconstruct.slime_grass_tall":10,"stat.mineBlock.minecraft.glass":48,"stat.mineBlock.minecraft.dirt":848,"stat.pickup.minecraft.poisonous_potato":2,"stat.pickup.tconstruct.pattern":1,"stat.pickup.immersiveengineering.seed":35,"stat.useItem.minecraft.bread":62,"stat.craftItem.twilightforest.magic_map_focus":2,"stat.drop.minecraft.rotten_flesh":6,"stat.pickup.twilightforest.shader":14,"stat.useItem.minecraft.cobblestone":397,"stat.pickup.minecraft.magma":66,"stat.useItem.twilightforest.firefly":3,"stat.useItem.minecraft.gravel":8,"stat.mineBlock.minecraft.double_plant":31,"stat.mineBlock.thaumcraft.crystal_aer":3,"stat.mineBlock.twilightforest.sort_fence":1,"stat.drop.twilightforest.naga_scale":8,"stat.pickup.minecraft.iron_pickaxe":2,"stat.useItem.tconstruct.pickaxe":1,"stat.mineBlock.thaumcraft.crystal_terra":18,"stat.craftItem.minecraft.gold_ingot":22,"stat.drop.minecraft.sapling":1,"stat.pickup.minecraft.chicken":38,"stat.pickup.thaumcraft.vishroom":8,"stat.pickup.minecraft.apple":16,"stat.useItem.minecraft.glass_pane":15,"stat.mineBlock.twilightforest.twilight_leaves":3,"stat.craftItem.immersiveengineering.tool":4,"stat.mineBlock.twilightforest.firefly":1,"stat.craftItem.minecraft.bucket":18,"stat.craftItem.minecraft.planks":1948,"stat.useItem.minecraft.iron_sword":546,"stat.itemEnchanted":2,"stat.pickup.expandableinventory.golden_expander":1,"stat.mineBlock.thaumcraft.crystal_ordo":8,"stat.pickup.minecraft.stone_sword":1,"stat.useItem.twilightforest.raw_venison":22,"stat.pickup.minecraft.book":11,"stat.mineBlock.minecraft.log":849,"stat.craftItem.minecraft.wooden_door":3,"stat.drop.twilightforest.magic_map_empty":1,"stat.mineBlock.minecraft.waterlily":6,"stat.useItem.minecraft.wooden_door":3,"stat.drop.tconstruct.longbow":1,"stat.craftItem.minecraft.paper":54,"stat.pickup.minecraft.red_flower":5,"stat.pickup.twilightforest.shader_bag":10,"stat.pickup.minecraft.wool":43,"stat.pickup.twilightforest.aurora_block":16,"stat.mineBlock.thaumcraft.sapling_silverwood":2,"stat.craftItem.thaumcraft.plank_greatwood":8,"stat.pickup.minecraft.cooked_fish":16,"stat.useItem.minecraft.wooden_axe":12,"stat.pickup.thaumcraft.log_greatwood":83,"stat.mineBlock.thaumcraft.ore_cinnabar":21,"stat.useItem.minecraft.iron_axe":1079,"stat.mineBlock.minecraft.cobblestone":67,"stat.mineBlock.minecraft.pumpkin":17,"stat.pickup.minecraft.stone_pickaxe":3,"stat.pickup.minecraft.flint":93,"stat.mineBlock.minecraft.yellow_flower":7,"stat.drop.twilightforest.ice_bow":1,"stat.useItem.minecraft.snow":28,"stat.pickup.minecraft.enchanted_book":1,"stat.mineBlock.thaumcraft.ore_amber":21,"stat.drop.minecraft.cobblestone":15,"stat.pickup.minecraft.cooked_porkchop":23,"stat.pickup.minecraft.writable_book":1,"stat.useItem.minecraft.obsidian":12,"stat.useItem.minecraft.stone_slab2":278,"stat.pickup.minecraft.bow":5,"stat.pickup.forge.bucketfilled":2,"stat.pickup.minecraft.iron_boots":1,"stat.craftItem.minecraft.furnace":12,"stat.killEntity.twilightforest.ice_crystal":1,"stat.drop.minecraft.birch_boat":1,"stat.useItem.minecraft.egg":20,"stat.craftItem.minecraft.iron_boots":1,"stat.craftItem.minecraft.cooked_beef":9,"stat.mineBlock.minecraft.obsidian":8,"stat.pickup.minecraft.shears":1,"stat.killEntity.Firebat":5,"stat.craftItem.minecraft.bow":1,"stat.mineBlock.minecraft.clay":395,"stat.pickup.minecraft.diamond_hoe":2,"stat.pickup.twilightforest.magic_map_focus":1,"stat.flyOneCm":2371124,"stat.pickup.minecraft.sandstone":56,"stat.useItem.twilightforest.aurora_block":4,"stat.timeSinceDeath":354496,"stat.pickup.twilightforest.twilight_sapling":15,"stat.useItem.minecraft.wooden_slab":208,"stat.craftItem.immersiveengineering.treated_wood":8,"stat.craftItem.minecraft.iron_block":1,"stat.killEntity.Bat":5,"stat.mineBlock.twilightforest.firefly_jar":3,"stat.craftItem.tconstruct.seared":49,"stat.pickup.minecraft.nether_wart":49,"stat.pickup.twilightforest.naga_scale":17,"stat.killEntity.Wolf":1,"stat.mineBlock.minecraft.coal_ore":460,"stat.drop.minecraft.wool":4,"stat.pickup.minecraft.shield":4,"stat.killEntity.Creeper":12,"stat.useItem.minecraft.armor_stand":1,"stat.craftItem.minecraft.stone_hoe":1,"stat.pickup.minecraft.string":21,"stat.mineBlock.minecraft.ladder":3,"stat.entityKilledBy.Skeleton":1,"stat.useItem.minecraft.written_book":6,"stat.pickup.minecraft.birch_stairs":3,"stat.craftItem.tconstruct.tooltables":1,"stat.sprintOneCm":2700247,"stat.useItem.minecraft.diamond_shovel":651,"stat.mineBlock.minecraft.stone_slab":35,"stat.pickup.immersiveengineering.tool":1,"stat.craftItem.minecraft.wooden_axe":1,"stat.mineBlock.minecraft.diamond_ore":25,"stat.killEntity.twilightforest.snow_queen":1,"stat.craftItem.minecraft.wooden_pressure_plate":5,"stat.pickup.twilightforest.yeti_chestplate":1,"stat.useItem.tconstruct.seared_tank":13,"stat.craftItem.immersiveengineering.wirecoil":16,"stat.useItem.minecraft.ladder":2,"stat.pickup.thaumcraft.sapling_silverwood":12,"stat.pickup.minecraft.iron_block":2,"stat.killEntity.Zombie":61,"stat.craftItem.minecraft.dye":120,"stat.pickup.minecraft.snowball":163,"stat.useItem.minecraft.birch_stairs":11,"stat.useItem.tconstruct.hammer":5136,"stat.mineBlock.minecraft.gold_ore":51,"stat.diveOneCm":332950,"stat.drop.minecraft.diamond_pickaxe":2,"stat.craftItem.minecraft.sandstone":236,"stat.pickup.minecraft.wheat":456,"stat.mineBlock.immersiveengineering.metal_device1":2,"stat.pickup.tconstruct.tooltables":1,"stat.mineBlock.minecraft.mossy_cobblestone":7,"stat.craftItem.minecraft.ladder":3,"stat.drop.minecraft.bookshelf":4,"stat.craftItem.minecraft.cooked_porkchop":45,"stat.useItem.minecraft.chicken":4,"stat.mineBlock.twilightforest.aurora_block":28,"stat.mineBlock.tconstruct.slime_leaves":125,"stat.pickup.minecraft.obsidian":8,"stat.useItem.minecraft.rotten_flesh":25,"stat.craftItem.minecraft.diamond_sword":1,"stat.useItem.immersiveengineering.stone_decoration":61,"stat.jump":16484,"stat.useItem.minecraft.sand":251,"stat.pickup.twilightforest.time_stairs":4,"stat.pickup.minecraft.coal":605,"stat.pickup.minecraft.iron_ingot":1,"stat.pickup.tconstruct.seared_tank":23,"stat.craftItem.minecraft.lever":2,"stat.drop.minecraft.diamond_sword":1,"stat.pickup.minecraft.gunpowder":17,"stat.craftItem.minecraft.torch":756,"stat.pickup.thaumcraft.plank_greatwood":1,"stat.pickup.minecraft.dirt":893,"stat.useItem.minecraft.glass":64,"stat.pickup.minecraft.gold_ore":48,"stat.useItem.minecraft.sapling":25,"stat.mineBlock.minecraft.lapis_ore":30,"stat.drop.tconstruct.hammer":4,"stat.pickup.minecraft.iron_axe":5,"stat.damageTaken":13372,"stat.pickup.twilightforest.firefly":20,"stat.mineBlock.minecraft.torch":161,"stat.killEntity.tconstruct.blueslime":19,"stat.pickup.minecraft.written_book":6,"stat.mineBlock.minecraft.red_flower":5,"stat.pickup.immersiveengineering.metal":19,"stat.pickup.tconstruct.pick_head":6,"stat.pickup.minecraft.log2":50,"stat.pickup.twilightforest.canopy_planks":212,"stat.craftItem.minecraft.glowstone":22,"stat.pickup.minecraft.bed":2,"stat.useItem.minecraft.birch_fence":30,"stat.killEntity.twilightforest.unstable_ice_core":2,"stat.useItem.forge.bucketfilled":1,"stat.pickup.minecraft.rabbit_hide":7,"stat.pickup.twilightforest.aurora_pillar":18,"stat.pickup.twilightforest.iron_ladder":10,"stat.craftItem.minecraft.stone_slab":192,"stat.mineBlock.minecraft.birch_fence":13,"stat.useItem.minecraft.chest":13,"stat.craftItem.tconstruct.smeltery_io":2,"stat.pickup.minecraft.diamond_pickaxe":4,"stat.useItem.minecraft.pumpkin":5,"stat.useItem.minecraft.lava_bucket":11,"stat.mineBlock.twilightforest.aurora_pillar":14,"stat.pickup.minecraft.rabbit_foot":3,"stat.useItem.minecraft.melon":1,"stat.craftItem.minecraft.iron_chestplate":1,"stat.useItem.minecraft.stained_hardened_clay":9,"stat.pickup.minecraft.ender_pearl":5,"stat.pickup.minecraft.ladder":3,"stat.pickup.minecraft.cooked_beef":6,"stat.useItem.minecraft.netherrack":253,"stat.pickup.twilightforest.nagastone_pillar_weathered":3,"stat.craftItem.minecraft.bookshelf":9,"stat.mineBlock.minecraft.stonebrick":5,"stat.killEntity.twilightforest.winter_wolf":15,"stat.pickup.twilightforest.arctic_helmet":2,"stat.killEntity.twilightforest.bighorn_sheep":36,"stat.mineBlock.minecraft.glowstone":70,"stat.pickup.twilightforest.raw_venison":23,"stat.mobKills":481,"stat.mineBlock.minecraft.bookshelf":1,"stat.craftItem.minecraft.shears":2,"stat.drop.tconstruct.scythe":1,"stat.drop.minecraft.written_book":3,"stat.useItem.minecraft.boat":3,"stat.useItem.minecraft.mossy_cobblestone":8,"stat.pickup.minecraft.diamond":26,"stat.pickup.minecraft.torch":768,"stat.pickup.thaumcraft.brain":9,"stat.killEntity.twilightforest.quest_ram":1,"stat.craftItem.thaumcraft.quicksilver":5,"stat.craftItem.minecraft.compass":1,"stat.pickup.tconstruct.book":1,"stat.mineBlock.tconstruct.seared_tank":24,"stat.mineBlock.thaumcraft.leaves_silverwood":20,"stat.mineBlock.thaumcraft.ore_quartz":8,"stat.useItem.minecraft.bookshelf":3,"stat.craftItem.minecraft.iron_axe":6,"stat.mineBlock.twilightforest.twilight_plant":18,"stat.killEntity.twilightforest.swarm_spider":4,"stat.killEntity.Blaze":11,"stat.pickup.minecraft.lapis_block":1,"stat.useItem.minecraft.mutton":5,"stat.useItem.minecraft.planks":1113,"stat.pickup.minecraft.golden_boots":2,"stat.pickup.minecraft.glowstone_dust":311,"stat.mineBlock.immersiveengineering.ore":189,"stat.pickup.minecraft.porkchop":109,"stat.craftItem.immersiveengineering.metal_device1":1,"stat.useItem.minecraft.water_bucket":114,"stat.mineBlock.thaumcraft.log_greatwood":155,"stat.drop.twilightforest.arctic_fur":2,"stat.mineBlock.minecraft.nether_brick_fence":3,"stat.pickup.minecraft.sand":2393,"stat.pickup.twilightforest.lifedrain_scepter":2,"stat.craftItem.minecraft.lit_pumpkin":10,"stat.craftItem.tconstruct.casting":3,"stat.mineBlock.twilightforest.twilight_log":1,"stat.pickup.twilightforest.naga_leggings":4,"stat.mineBlock.minecraft.sand":2425,"stat.killEntity.twilightforest.kobold":4,"stat.killEntity.twilightforest.snow_guardian":4,"stat.craftItem.minecraft.blaze_powder":10,"stat.hopperInspected":25,"stat.pickup.tconstruct.slime_sapling":5,"stat.pickup.minecraft.packed_ice":7,"stat.mineBlock.tconstruct.slime_grass_tall":37,"stat.mineBlock.thaumcraft.log_silverwood":204,"stat.useItem.tconstruct.channel":2,"stat.killEntity.twilightforest.bunny":4,"stat.killEntity.twilightforest.skeleton_druid":14,"stat.pickup.minecraft.ghast_tear":1,"stat.pickup.twilightforest.arctic_boots":1,"stat.trappedChestTriggered":3,"stat.useItem.minecraft.oak_stairs":95,"stat.craftItem.minecraft.pumpkin_seeds":32,"stat.pickup.minecraft.wooden_button":4,"stat.mineBlock.minecraft.lapis_block":1,"stat.mineBlock.minecraft.birch_stairs":3,"stat.pickup.minecraft.furnace":7,"stat.useItem.minecraft.cooked_mutton":11,"stat.useItem.minecraft.redstone":5,"stat.mineBlock.thaumcraft.cinderpearl":2,"stat.pickup.minecraft.iron_chestplate":1,"stat.mineBlock.thaumcraft.vishroom":6,"stat.useItem.tconstruct.scythe":56,"stat.killEntity.Horse":14,"stat.pickup.minecraft.stone_stairs":3,"stat.pickup.twilightforest.arctic_fur":32,"stat.craftItem.minecraft.fence_gate":1,"stat.pickup.twilightforest.raven_feather":4,"stat.useItem.immersiveengineering.seed":31,"stat.pickup.thaumcraft.nugget":9,"stat.pickup.tconstruct.slime_dirt":1,"stat.pickup.minecraft.pumpkin_seeds":14,"stat.craftItem.immersiveengineering.material":32,"stat.pickup.minecraft.saddle":1,"stat.mineBlock.minecraft.oak_stairs":34,"stat.playOneMinute":1759369,"stat.pickup.minecraft.blaze_rod":6,"stat.drop.minecraft.string":7,"stat.pickup.twilightforest.sort_fence":1,"stat.pickup.minecraft.netherrack":727,"stat.pickup.minecraft.pumpkin":19,"stat.pickup.tconstruct.casting":17,"stat.mineBlock.minecraft.netherrack":630,"stat.pickup.minecraft.waterlily":5,"stat.mineBlock.minecraft.ice":19,"stat.killEntity.twilightforest.death_tome":9,"stat.pickup.twilightforest.etched_nagastone":4,"stat.mineBlock.tconstruct.faucet":11,"stat.useItem.minecraft.packed_ice":1,"stat.pickup.tconstruct.lumberaxe":4,"stat.pickup.tconstruct.excavator":2,"stat.craftItem.minecraft.iron_hoe":1,"stat.pickup.minecraft.cooked_chicken":42,"stat.fallOneCm":333022,"stat.pickup.minecraft.melon_seeds":12,"stat.craftItem.minecraft.chest":21,"stat.pickup.minecraft.golden_leggings":1,"stat.pickup.minecraft.melon":15,"stat.useItem.minecraft.iron_hoe":250,"stat.pickup.minecraft.feather":45,"stat.craftItem.minecraft.wooden_button":4,"stat.useItem.minecraft.furnace":11,"stat.craftItem.tconstruct.materials":319,"stat.pickup.tconstruct.channel":7,"stat.pickup.minecraft.iron_leggings":3,"stat.mineBlock.minecraft.spruce_fence":1,"stat.mineBlock.minecraft.gravel":1003,"stat.useItem.minecraft.stone_pickaxe":131,"stat.craftItem.tconstruct.seared_tank":9,"stat.craftItem.minecraft.birch_stairs":12,"stat.craftItem.minecraft.iron_leggings":1,"stat.killEntity.Rabbit":1,"stat.craftItem.minecraft.oak_stairs":68,"stat.pickup.twilightforest.trophy":7,"stat.drop.minecraft.iron_axe":1,"stat.useItem.minecraft.torch":786,"stat.craftItem.minecraft.redstone_block":21,"stat.pickup.minecraft.crafting_table":8,"stat.useItem.minecraft.log":331,"stat.craftItem.minecraft.crafting_table":11,"stat.killEntity.twilightforest.penguin":7,"stat.craftItem.minecraft.boat":2,"stat.pickup.minecraft.log":989,"stat.pickup.twilightforest.alpha_fur":12,"stat.useItem.minecraft.cooked_fish":8,"stat.craftItem.twilightforest.twilight_oak_planks":164,"stat.drop.immersiveengineering.tool":2,"stat.killEntity.twilightforest.squirrel":2,"stat.pickup.minecraft.web":3,"stat.pickup.twilightforest.spiral_bricks":5,"stat.killEntity.twilightforest.hedge_spider":2,"stat.pickup.minecraft.sapling":55,"stat.pickup.minecraft.wooden_door":1,"stat.mineBlock.minecraft.iron_block":2,"stat.craftItem.tconstruct.smeltery_controller":1,"stat.mineBlock.tconstruct.slime_grass":1,"stat.craftItem.minecraft.snow":30,"stat.killEntity.WitherSkeleton":12,"stat.pickup.twilightforest.yeti_helmet":1,"stat.useItem.minecraft.wooden_pressure_plate":4,"stat.pickup.minecraft.golden_sword":1,"stat.craftItem.minecraft.cooked_chicken":21,"stat.useItem.minecraft.stone_hoe":8,"stat.pickup.twilightforest.yeti_boots":1,"stat.pickup.twilightforest.arctic_chestplate":1,"stat.pickup.immersiveengineering.metal_device1":2,"stat.sneakTime":35408,"stat.pickup.thaumcraft.amber":28,"stat.mineBlock.thaumcraft.crystal_perditio":14,"stat.pickup.minecraft.rabbit":5,"stat.pickup.minecraft.stone_slab":37,"stat.pickup.minecraft.yellow_flower":8,"stat.pickup.minecraft.chest":4,"stat.killEntity.twilightforest.lich":1,"stat.craftItem.minecraft.enchanting_table":1,"stat.useItem.minecraft.web":2,"stat.drop.minecraft.stone_pickaxe":1,"stat.pickup.immersiveengineering.ore":190,"stat.pickup.minecraft.bone":99,"stat.useItem.immersiveengineering.ore":1,"stat.pickup.minecraft.lit_pumpkin":6,"stat.useItem.minecraft.log2":34,"stat.pickup.chisel.planks-oak":32,"stat.useItem.twilightforest.firefly_jar":1,"stat.craftItem.tconstruct.faucet":2,"stat.drop.twilightforest.shader":3,"stat.mineBlock.minecraft.brown_mushroom":2,"stat.useItem.minecraft.diamond_sword":737,"stat.swimOneCm":284506,"stat.climbOneCm":19331,"stat.drop.chisel.limestone2":1,"stat.pickup.tconstruct.arrow":3,"stat.pickup.tconstruct.slime_leaves":73,"stat.drop.minecraft.brown_mushroom":6,"stat.useItem.minecraft.dirt":558,"stat.pickup.twilightforest.magic_map":4,"stat.useItem.tconstruct.excavator":3221,"stat.useItem.tconstruct.lumberaxe":848,"stat.useItem.minecraft.iron_ore":13,"stat.craftItem.minecraft.stone_pickaxe":1,"stat.mineBlock.minecraft.magma":66,"stat.pickup.minecraft.cobblestone":5051,"stat.mineBlock.minecraft.carpet":3,"stat.drop.minecraft.fence":1,"stat.mineBlock.chisel.limestone2":65,"stat.useItem.chisel.limestone2":3,"stat.drop.minecraft.wheat_seeds":3,"stat.useItem.minecraft.cooked_beef":16,"stat.craftItem.minecraft.wooden_slab":450,"stat.pickup.minecraft.cactus":8,"stat.drop.twilightforest.alpha_fur":6,"stat.pickup.minecraft.redstone":431,"stat.mineBlock.minecraft.iron_ore":431,"stat.craftItem.minecraft.book":32,"stat.useItem.twilightforest.aurora_pillar":10,"stat.useItem.minecraft.sign":1,"stat.useItem.thaumcraft.plank_greatwood":1,"stat.pickup.minecraft.mutton":72,"stat.pickup.minecraft.mossy_cobblestone":9,"stat.drop.minecraft.coal":1,"stat.pickup.minecraft.wooden_axe":1,"stat.pickup.minecraft.stonebrick":7,"stat.useItem.minecraft.cooked_porkchop":26,"stat.mineBlock.thaumcraft.plank_greatwood":1,"stat.craftItem.tconstruct.punji":9,"stat.pickup.minecraft.iron_shovel":1,"stat.pickup.minecraft.carpet":1,"stat.pickup.twilightforest.ice_bomb":35,"stat.mineBlock.minecraft.nether_brick":43,"stat.craftItem.tconstruct.soil":1304,"stat.pickup.minecraft.jungle_stairs":1,"stat.pickup.tconstruct.smeltery_controller":4,"stat.entityKilledBy.twilightforest.yeti_alpha":1,"stat.useItem.tconstruct.edible":1,"stat.craftItem.minecraft.stone_slab2":0,"stat.pickup.minecraft.paper":129,"stat.craftItem.minecraft.stick":480,"stat.useItem.minecraft.stone_slab":182,"stat.pickup.minecraft.speckled_melon":22,"stat.killEntity.twilightforest.yeti_alpha":3,"stat.craftItem.minecraft.armor_stand":4,"stat.useItem.tconstruct.casting":2,"stat.mineBlock.minecraft.crafting_table":6,"stat.useItem.minecraft.diamond_pickaxe":3181,"stat.useItem.minecraft.carrot":10,"stat.killEntity.twilightforest.hostile_wolf":6,"stat.mineBlock.minecraft.planks":354,"stat.drop":113,"stat.mineBlock.thaumcraft.crystal_aqua":33,"stat.killEntity.Sheep":3,"stat.useItem.tconstruct.seared":122,"stat.pickup.minecraft.slime_ball":1,"stat.craftItem.minecraft.diamond_pickaxe":2,"stat.pickup.twilightforest.nagastone_pillar_mossy":4,"stat.drop.minecraft.bread":11,"stat.craftItem.minecraft.clay":326,"stat.useItem.immersiveengineering.tool":3,"stat.pickup.minecraft.gravel":934,"stat.pickup.thaumcraft.curio":3,"stat.killEntity.Slime":1,"stat.mineBlock.tconstruct.smeltery_controller":4,"stat.useItem.minecraft.waterlily":3,"stat.useItem.minecraft.apple":45,"stat.mineBlock.tconstruct.punji":6,"stat.mineBlock.minecraft.deadbush":5,"stat.pickup.tconstruct.punji":6,"stat.useItem.minecraft.porkchop":35,"stat.pickup.tconstruct.sharpening_kit":6,"stat.pickup.twilightforest.torchberries":33,"stat.pickup.minecraft.stone_brick_stairs":3,"stat.pickup.minecraft.diamond_sword":3,"stat.pickup.minecraft.fence":23,"stat.pickup.minecraft.iron_helmet":2,"stat.craftItem.minecraft.birch_boat":1,"stat.craftItem.minecraft.bread":144,"stat.pickup.minecraft.spider_eye":10,"stat.pickup.twilightforest.twilight_plant":16,"stat.craftItem.minecraft.iron_helmet":2,"stat.useItem.minecraft.cooked_chicken":45,"stat.pickup.thaumcraft.cinderpearl":1,"stat.pickup.minecraft.iron_ore":421,"stat.pickup.tconstruct.slime_congealed":15,"stat.pickup.twilightforest.yeti_leggings":1,"stat.boatOneCm":1040736,"stat.craftItem.minecraft.flint_and_steel":1,"stat.craftItem.immersiveengineering.metal_decoration0":1,"stat.mineBlock.minecraft.leaves2":8,"stat.mineBlock.minecraft.stone_stairs":1,"stat.pickup.minecraft.leather":58,"stat.mineBlock.minecraft.furnace":7,"stat.useItem.minecraft.wooden_pickaxe":14,"stat.dispenserInspected":1,"stat.useItem.twilightforest.canopy_planks":149,"stat.pickup.minecraft.reeds":75,"stat.killEntity.CaveSpider":1,"stat.craftItem.minecraft.birch_fence":24,"stat.pickup.tconstruct.materials":1,"stat.pickup.minecraft.oak_stairs":33,"stat.pickup.twilightforest.cooked_venison":10,"stat.damageDealt":70440,"stat.drop.minecraft.cooked_chicken":5,"stat.craftItem.minecraft.glass":94,"stat.sleepInBed":32,"stat.pickup.twilightforest.twilight_log":144,"stat.killEntity.Cow":14,"stat.useItem.expandableinventory.iron_expander":1,"stat.killEntity.Pig":22,"stat.craftItem.minecraft.iron_sword":2,"stat.pickup.minecraft.boat":1,"stat.pickup.twilightforest.naga_chestplate":4,"stat.walkOneCm":6571140,"stat.pickup.twilightforest.nagastone_pillar":3,"stat.pickup.minecraft.stick":24,"stat.pickup.minecraft.clay_ball":1548,"stat.mineBlock.chisel.basalt2":8,"stat.pickup.twilightforest.triple_bow":1,"stat.pickup.minecraft.stone":871,"stat.killEntity.twilightforest.deer":11,"stat.craftItem.minecraft.redstone":9,"stat.mineBlock.minecraft.packed_ice":15,"stat.mineBlock.thaumcraft.crystal_ignis":9,"stat.useItem.minecraft.cactus":1,"stat.killEntity.Skeleton":49,"stat.pickup.twilightforest.arctic_leggings":1,"stat.pickup.thaumcraft.ore_cinnabar":21,"stat.mineBlock.minecraft.cactus":3,"stat.entityKilledBy.twilightforest.skeleton_druid":1,"stat.killEntity.Chicken":37,"stat.killEntity.Spider":20,"stat.pickup.tconstruct.longbow":3,"stat.mineBlock.minecraft.quartz_ore":31,"stat.pickup.minecraft.bread":19,"stat.pickup.minecraft.quartz":36,"stat.craftItem.minecraft.fence":72,"stat.pickup.minecraft.birch_fence":13,"stat.pickup.minecraft.water_bucket":4,"stat.mineBlock.minecraft.leaves":72,"stat.useItem.tconstruct.longbow":29,"stat.useItem.tconstruct.punji":4,"stat.mineBlock.tconstruct.seared":119,"stat.mineBlock.minecraft.redstone_ore":106,"stat.mineBlock.tconstruct.casting":22,"stat.craftItem.minecraft.coal_block":9,"stat.mineBlock.chisel.planks-oak":32,"stat.killEntity.twilightforest.wild_boar":22,"stat.pickup.expandableinventory.iron_expander":1,"stat.craftItem.minecraft.brick":4,"stat.mineBlock.immersiveengineering.stone_decoration":2,"stat.mineBlock.minecraft.stone":6684,"stat.useItem.minecraft.sandstone":192}